"","x","cntry","essround","idno","pspwght","pweight","polintr","happy","gndr","yrbrn","agea","chldhm","edulvla","eisced","eduyrs","pdwrk","edctn","wkhtot","isco08","uemp3m","hinctnta","agea_l","zv"
"165",165,"CH",8,480,1.152878165,0.464939934,3,8,2,1964,52,2,5,5,13,0,0,35,5131,1,77,2016,-4.11286490282885
"449",449,"CH",8,1149,0.890090764,0.464939934,2,9,1,1941,75,2,5,7,12,0,0,50,2636,2,7,2016,-2.98357822302498
"398",398,"CH",8,1046,0.93108362,0.464939934,2,10,2,1955,61,2,2,2,9,0,0,42,5322,2,1,2016,-2.96074533178979
"816",816,"CH",8,1945,1.17324388,0.464939934,1,8,1,1972,44,1,5,6,18,1,0,42,2412,2,4,2016,-2.92967121268657
"649",649,"CH",8,1568,0.959825993,0.464939934,1,9,2,1946,70,2,3,3,11,0,0,20,5223,2,10,2016,-2.81311403771696
"507",507,"CH",8,1255,0.966035604,0.464939934,2,9,2,1964,52,2,3,3,9,1,0,20,4120,1,8,2016,-2.66096451842739
"687",687,"CH",8,1668,1.032253623,0.464939934,1,10,1,1980,36,1,5,7,25,1,1,50,3221,2,6,2016,-2.49905194985225
"854",854,"CH",8,2030,1.147626638,0.464939934,4,10,2,1987,29,1,3,3,8,1,0,18,9110,2,88,2016,-2.48924948928462
"653",653,"CH",8,1580,0.959825993,0.464939934,4,8,2,1942,74,2,3,4,12,0,0,888,7311,2,1,2016,-2.46700169589385
"133",133,"CH",8,398,0.890090764,0.464939934,2,7,1,1944,72,2,5,6,12,1,0,60,1411,2,8,2016,-2.43664063533474
"428",428,"CH",8,1102,1.140466452,0.464939934,2,9,2,1962,54,2,3,3,8,1,0,49,3311,2,4,2016,-2.4149536227201
"1152",1152,"CH",8,2666,1.001342416,0.464939934,3,7,1,1964,52,1,2,2,8,1,0,45,9310,1,3,2016,-2.39378791412832
"78",78,"CH",8,221,1.090924263,0.464939934,2,10,2,1945,71,2,3,3,9,0,0,50,5221,2,2,2016,-2.37180805939823
"498",498,"CH",8,1237,1.210716963,0.464939934,1,10,2,1959,57,2,2,2,11,1,0,48,1420,2,7,2016,-2.3180046280983
"1002",1002,"CH",8,2372,0.899520457,0.464939934,2,7,1,1998,18,2,2,2,9,0,0,1,5169,2,4,2016,-2.31364294831933
"245",245,"CH",8,703,0.924070776,0.464939934,1,8,2,1950,66,2,5,5,9,0,0,50,2330,2,5,2016,-2.29983976176805
"1436",1436,"CH",8,3230,1.033508062,0.464939934,3,8,1,1999,17,2,2,2,11,1,1,42,7122,2,4,2016,-2.28140663292412
"1449",1449,"CH",8,3263,1.147626638,0.464939934,2,9,2,1987,30,2,5,7,12,1,0,70,2210,2,8,2017,-2.27409107869419
"853",853,"CH",8,2028,1.302075982,0.464939934,2,9,1,1968,48,1,3,3,12,1,0,55,3355,2,6,2016,-2.26604513780012
"487",487,"CH",8,1214,0.93108362,0.464939934,3,8,2,1948,68,2,2,2,9,0,0,5,7231,2,6,2016,-2.25202596743425
"979",979,"CH",8,2317,1.022381425,0.464939934,2,9,1,1993,23,2,3,3,9,1,0,35,2512,2,8,2016,-2.25035312460627
"104",104,"CH",8,314,0.899777412,0.464939934,4,8,1,1941,75,2,3,3,12,0,0,50,5211,1,2,2016,-2.23556867961886
"539",539,"CH",8,1335,1.210716963,0.464939934,3,6,2,1950,66,1,3,3,11,0,0,0,5131,1,77,2016,-2.22083962433123
"1185",1185,"CH",8,2732,1.003414631,0.464939934,4,8,2,1972,44,1,5,6,17,1,0,21,3354,1,77,2016,-2.1965947338112
"974",974,"CH",8,2307,0.993800044,0.464939934,3,8,1,1969,47,1,2,2,9,1,0,888,1412,2,88,2016,-2.18762718464114
"689",689,"CH",8,1674,1.140466452,0.464939934,2,8,2,1981,35,1,5,7,13,1,0,18,3313,2,7,2016,-2.18446909702925
"575",575,"CH",8,1425,1.102796197,0.464939934,2,8,2,1951,65,2,3,3,9,0,0,4,4223,2,6,2016,-2.1787691654931
"485",485,"CH",8,1211,0.959825993,0.464939934,3,10,2,1951,65,2,5,5,9,1,0,888,5142,2,4,2016,-2.1664756674879
"671",671,"CH",8,1625,0.890090764,0.464939934,2,7,1,1957,59,2,5,7,9,0,0,40,1320,1,2,2016,-2.16193851464088
"910",910,"CH",8,2153,1.140466452,0.464939934,1,10,2,1965,51,1,5,6,14,1,0,30,2330,2,8,2016,-2.16098012652877
"14",14,"CH",8,39,1.001342416,0.464939934,2,7,1,1973,43,2,3,3,13,1,0,50,3123,2,6,2016,-2.14705487284654
"181",181,"CH",8,532,1.032253623,0.464939934,2,9,1,1976,40,2,5,5,9,1,0,45,5320,1,77,2016,-2.10807885714793
"1326",1326,"CH",8,3006,0.959825993,0.464939934,1,8,2,1959,57,2,3,3,12,0,0,32,4120,2,8,2016,-2.08811902471786
"1445",1445,"CH",8,3249,1.147626638,0.464939934,3,7,2,1983,33,2,5,7,19,1,0,50,2421,2,9,2016,-2.07314134547107
"981",981,"CH",8,2324,0.866011918,0.464939934,4,8,1,1996,21,2,3,3,9,1,0,888,7200,2,77,2017,-2.07239017627077
"637",637,"CH",8,1549,1.102796197,0.464939934,2,9,2,1956,60,2,5,7,19,1,0,50,3412,2,9,2016,-2.06013316957022
"266",266,"CH",8,759,0.924070776,0.464939934,2,9,2,1954,62,2,3,3,9,0,0,50,1120,2,8,2016,-2.04377248237034
"597",597,"CH",8,1465,0.924070776,0.464939934,2,9,2,1930,86,2,3,4,14,0,0,42,7530,2,2,2016,-2.02831832570889
"977",977,"CH",8,2312,1.032253623,0.464939934,3,9,1,1974,42,1,5,5,11,1,0,42,7522,2,8,2016,-2.02034057112479
"1176",1176,"CH",8,2717,1.090924263,0.464939934,2,10,2,1957,59,1,2,2,9,0,0,40,4223,1,77,2016,-1.97614061458655
"615",615,"CH",8,1503,0.959825993,0.464939934,2,7,2,1947,69,2,3,3,9,0,0,40,3221,2,3,2016,-1.968229881377
"442",442,"CH",8,1129,1.003414631,0.464939934,3,3,2,1979,37,2,3,3,14,1,0,64,5142,1,3,2016,-1.94704740743697
"325",325,"CH",8,894,0.959825993,0.464939934,4,7,2,1951,65,2,3,3,13,0,0,42,4120,2,3,2016,-1.93617646450644
"270",270,"CH",8,767,1.090924263,0.464939934,3,7,2,1937,79,2,3,3,12,0,0,15,4110,2,3,2016,-1.92800630310239
"1315",1315,"CH",8,2982,0.899777412,0.464939934,3,8,1,1957,59,2,5,7,14,0,0,70,1120,2,10,2016,-1.92679229837737
"1203",1203,"CH",8,2773,1.003414631,0.464939934,3,9,2,1971,45,1,1,1,8,1,0,45,7543,2,88,2016,-1.92137513693812
"1378",1378,"CH",8,3094,0.899520457,0.464939934,2,9,1,2000,16,2,2,2,10,0,1,666,66666,2,5,2016,-1.916614961217
"106",106,"CH",8,319,0.9878304,0.464939934,3,5,1,1937,79,2,3,4,12,0,0,40,2410,2,4,2016,-1.91256802405454
"1138",1138,"CH",8,2632,0.993800044,0.464939934,1,8,1,1970,46,1,3,3,9,1,0,43,3133,2,4,2016,-1.87863958083762
"424",424,"CH",8,1095,0.78312695,0.464939934,1,10,1,1950,66,2,5,5,18,0,0,1,2320,2,7,2016,-1.87725771582022
"1310",1310,"CH",8,2973,0.872584283,0.464939934,2,9,1,1994,22,1,3,3,9,1,0,44,2422,2,7,2016,-1.8617668721429
"1424",1424,"CH",8,3202,1.160116434,0.464939934,3,9,2,1986,30,2,5,7,19,1,0,30,2656,1,6,2016,-1.84364846872175
"657",657,"CH",8,1589,1.090924263,0.464939934,2,10,2,1944,72,2,3,4,14,0,0,40,77777,2,6,2016,-1.83819573261415
"921",921,"CH",8,2182,0.78312695,0.464939934,3,8,1,1959,57,2,3,3,9,1,0,42,3155,2,6,2016,-1.83513676286186
"544",544,"CH",8,1348,1.090924263,0.464939934,3,8,2,1957,59,2,2,2,5,0,0,15,9110,1,2,2016,-1.81172680272782
"465",465,"CH",8,1174,1.140466452,0.464939934,3,7,2,1966,50,2,5,5,13,0,0,41,5320,1,7,2016,-1.7994661853619
"1380",1380,"CH",8,3096,0.973367512,0.464939934,2,4,2,1971,45,1,4,5,9,1,0,10,5131,2,3,2016,-1.79154327401415
"1443",1443,"CH",8,3245,1.032253623,0.464939934,1,5,1,1966,50,2,5,7,18,1,0,40,2500,2,1,2016,-1.78926223915687
"1090",1090,"CH",8,2540,1.17324388,0.464939934,2,6,1,1970,46,1,5,5,9,1,0,45,3000,2,9,2016,-1.78766140298407
"455",455,"CH",8,1158,1.147626638,0.464939934,3,8,2,1988,28,2,3,3,10,1,0,42,5223,1,4,2016,-1.77040976181772
"538",538,"CH",8,1332,1.022381425,0.464939934,4,6,1,1995,21,2,2,2,2,1,0,32,2422,1,88,2016,-1.74798068133715
"421",421,"CH",8,1089,0.890090764,0.464939934,1,10,1,1941,75,2,5,7,18,0,0,55,2636,2,7,2016,-1.73968160058908
"1463",1463,"CH",8,3308,1.152878165,0.464939934,4,8,2,1971,45,2,1,1,6,1,0,42,4321,2,3,2016,-1.73605291561213
"888",888,"CH",8,2094,0.899520457,0.464939934,4,8,1,1998,18,2,2,2,10,0,0,666,66666,2,88,2016,-1.71959377255076
"734",734,"CH",8,1762,1.140466452,0.464939934,2,9,2,1962,54,1,5,6,16,1,0,24,3255,2,6,2016,-1.71664599372906
"100",100,"CH",8,298,0.972100914,0.464939934,3,10,2,1989,27,2,2,2,6,1,0,20,9000,2,88,2016,-1.71303876216479
"395",395,"CH",8,1042,0.872584283,0.464939934,1,8,1,1982,34,2,5,7,13,1,0,50,5222,2,10,2016,-1.7070984730662
"1188",1188,"CH",8,2738,0.78312695,0.464939934,2,9,1,1960,56,1,4,5,17,1,0,45,3119,2,8,2016,-1.68855395943049
"89",89,"CH",8,256,1.022381425,0.464939934,1,6,1,1982,34,2,5,7,17,0,0,10,5132,1,2,2016,-1.66950370407679
"322",322,"CH",8,880,1.140466452,0.464939934,2,8,2,1968,49,2,5,5,17,1,0,36,3344,2,8,2017,-1.66121371035809
"997",997,"CH",8,2362,1.147626638,0.464939934,3,8,2,1995,21,2,3,4,14,0,1,2,2330,2,88,2016,-1.66043589541744
"719",719,"CH",8,1731,0.759676516,0.464939934,1,8,1,1949,67,1,5,7,12,1,0,50,2130,2,6,2016,-1.65773523870081
"458",458,"CH",8,1165,0.75395447,0.464939934,1,9,1,1954,62,2,5,7,21,1,0,50,2355,1,5,2016,-1.64558957326814
"952",952,"CH",8,2247,1.001342416,0.464939934,3,10,1,1970,46,1,3,3,8,1,0,44,7220,2,5,2016,-1.61534938654163
"364",364,"CH",8,973,0.890090764,0.464939934,3,9,1,1931,85,2,5,5,16,0,0,42,1211,2,77,2016,-1.61102704578032
"586",586,"CH",8,1453,0.759676516,0.464939934,2,9,1,1960,56,2,5,6,13,1,0,43,1000,1,7,2016,-1.60202754327
"408",408,"CH",8,1068,0.924070776,0.464939934,2,8,2,1940,76,2,3,3,12,0,0,0,3313,2,3,2016,-1.59599441265599
"157",157,"CH",8,461,1.090924263,0.464939934,3,8,2,1933,83,2,2,2,9,0,0,888,5223,2,88,2016,-1.58706387383686
"683",683,"CH",8,1658,1.090924263,0.464939934,3,9,2,1958,58,1,3,3,9,0,0,20,7231,2,6,2016,-1.58654109016353
"371",371,"CH",8,990,1.102796197,0.464939934,3,10,2,1958,59,2,5,5,13,0,0,90,5131,2,1,2017,-1.58072812923853
"42",42,"CH",8,112,0.959825993,0.464939934,1,10,2,1948,68,2,5,5,9,0,0,45,4110,2,4,2016,-1.57913208269532
"631",631,"CH",8,1536,1.033508062,0.464939934,2,7,1,1983,33,2,5,6,16,1,0,47,1213,2,9,2016,-1.5710924768869
"1472",1472,"CH",8,3326,1.001342416,0.464939934,4,7,1,1971,46,1,3,3,8,1,0,43,7123,2,2,2017,-1.56565275372242
"1025",1025,"CH",8,2418,0.866011918,0.464939934,3,9,1,1993,23,2,3,3,9,1,0,42,4120,1,77,2016,-1.56152271565412
"72",72,"CH",8,201,1.152878165,0.464939934,3,4,2,1965,51,2,3,3,10,0,0,38,5211,1,2,2016,-1.55205664964212
"1067",1067,"CH",8,2485,1.009714603,0.464939934,3,10,2,1985,31,1,2,2,8,0,0,10,9100,2,3,2016,-1.54914609328682
"520",520,"CH",8,1288,0.890090764,0.464939934,1,9,1,1943,74,2,5,5,10,0,0,70,1120,2,6,2017,-1.54431330585838
"8",8,"CH",8,22,0.924070776,0.464939934,3,3,2,1955,61,2,2,2,8,0,0,44,8100,2,77,2016,-1.5244436556994
"727",727,"CH",8,1749,1.003414631,0.464939934,3,9,2,1967,49,1,3,3,13,1,0,17,3310,2,3,2016,-1.5215252205104
"151",151,"CH",8,447,0.979478419,0.464939934,1,9,2,1986,30,2,5,7,12,1,0,35,2610,1,4,2016,-1.52077619764935
"232",232,"CH",8,662,1.102796197,0.464939934,2,9,2,1960,56,1,3,3,9,0,0,48,5321,2,2,2016,-1.51413401919272
"927",927,"CH",8,2197,0.866011918,0.464939934,3,7,1,2000,16,2,2,2,9,1,0,45,7115,2,77,2016,-1.51006136171219
"1059",1059,"CH",8,2474,1.17324388,0.464939934,1,6,1,1975,41,1,5,6,12,1,0,50,2512,2,9,2016,-1.50736878845911
"62",62,"CH",8,168,1.17324388,0.464939934,1,8,1,1965,51,2,3,4,14,1,0,45,8141,2,77,2016,-1.50142928995521
"995",995,"CH",8,2359,0.899777412,0.464939934,2,8,1,1959,57,1,4,5,9,1,0,40,3100,2,7,2016,-1.49972761092855
"682",682,"CH",8,1657,1.140466452,0.464939934,2,7,2,1967,49,1,3,4,13,1,0,45,7412,1,2,2016,-1.49331475641809
"1061",1061,"CH",8,2478,1.003414631,0.464939934,2,8,2,1966,50,1,3,3,19,1,0,17,4313,2,9,2016,-1.49121115337757
"214",214,"CH",8,622,0.959825993,0.464939934,2,10,2,1951,65,2,2,2,9,1,0,25,5223,2,77,2016,-1.48634064321702
"1330",1330,"CH",8,3011,0.866011918,0.464939934,3,10,1,1995,21,2,3,3,10,1,0,42,8131,2,8,2016,-1.47120179255664
"1225",1225,"CH",8,2816,0.966035604,0.464939934,3,8,2,1967,49,1,3,3,10,1,0,34,7533,2,6,2016,-1.46951963695572
"429",429,"CH",8,1104,1.003414631,0.464939934,3,10,2,1968,48,2,5,6,15,0,0,42,8343,1,9,2016,-1.45885887724039
"666",666,"CH",8,1614,0.890090764,0.464939934,2,9,1,1945,71,2,3,3,12,0,0,40,3111,2,5,2016,-1.45876662474772
"913",913,"CH",8,2158,0.979478419,0.464939934,3,9,2,1983,33,1,3,3,9,1,0,16,7513,2,5,2016,-1.45792094591319
"569",569,"CH",8,1406,0.78312695,0.464939934,1,9,1,1950,66,2,5,6,13,0,0,40,2330,2,7,2016,-1.45778928764231
"182",182,"CH",8,536,0.899777412,0.464939934,2,9,1,1947,69,2,3,3,12,0,0,45,1439,2,2,2016,-1.45443173969717
"713",713,"CH",8,1720,0.924070776,0.464939934,1,8,2,1959,57,1,5,5,9,1,0,42,4120,2,6,2016,-1.43999734390009
"85",85,"CH",8,243,0.899777412,0.464939934,2,5,1,1957,59,2,3,3,14,1,0,3,5111,2,5,2016,-1.43881606712176
"1004",1004,"CH",8,2376,1.009714603,0.464939934,3,8,2,1999,17,2,2,2,11,0,1,666,66666,2,7,2016,-1.43052821065575
"718",718,"CH",8,1730,1.022381425,0.464939934,2,9,1,1994,22,2,3,4,14,0,1,888,3344,2,88,2016,-1.4212212331363
"258",258,"CH",8,737,0.78312695,0.464939934,2,7,1,1948,68,2,5,7,16,0,0,50,2330,2,6,2016,-1.41854298085895
"403",403,"CH",8,1058,1.102796197,0.464939934,1,10,2,1954,62,2,2,2,11,1,0,42,4313,2,7,2016,-1.41706637572187
"102",102,"CH",8,306,0.972100914,0.464939934,3,7,2,1984,33,2,3,3,13,1,0,44,3111,2,3,2017,-1.41673656970395
"1103",1103,"CH",8,2564,1.147626638,0.464939934,2,9,2,1995,21,2,3,3,9,1,0,50,3350,2,88,2016,-1.41593842082621
"462",462,"CH",8,1169,1.033508062,0.464939934,2,7,1,1989,27,2,3,3,9,1,0,50,7119,1,7,2016,-1.41409424322594
"38",38,"CH",8,105,0.890090764,0.464939934,2,4,1,1951,65,2,3,3,9,1,0,45,7320,2,3,2016,-1.41211757406385
"461",461,"CH",8,1168,0.75395447,0.464939934,3,10,1,1952,64,2,5,5,8,1,0,40,2320,2,77,2016,-1.40683735719417
"410",410,"CH",8,1070,0.890090764,0.464939934,1,8,1,1960,56,2,3,4,12,1,0,48,1120,2,8,2016,-1.40621661941729
"1149",1149,"CH",8,2661,1.003414631,0.464939934,2,9,2,1974,42,1,4,5,13,1,0,26,5111,2,6,2016,-1.40207407110823
"570",570,"CH",8,1409,0.890090764,0.464939934,1,8,1,1949,67,2,5,7,14,0,0,50,1221,2,7,2016,-1.39980271797004
"1327",1327,"CH",8,3007,1.001342416,0.464939934,3,8,1,1967,49,1,3,3,9,1,0,65,6130,2,3,2016,-1.39813460371406
"859",859,"CH",8,2039,1.032253623,0.464939934,3,7,1,1968,48,1,3,3,9,1,0,777,3120,2,9,2016,-1.38713129579646
"812",812,"CH",8,1936,1.186012149,0.464939934,3,7,1,1964,52,1,5,6,10,1,0,3,5120,2,2,2016,-1.3844283889497
"300",300,"CH",8,830,1.001342416,0.464939934,1,10,1,1971,45,2,3,3,9,1,0,42,9310,2,6,2016,-1.37533279931933
"562",562,"CH",8,1392,0.979478419,0.464939934,3,9,2,1984,32,2,3,3,10,1,0,47,3411,1,7,2016,-1.37463221645701
"1291",1291,"CH",8,2933,1.186012149,0.464939934,1,8,1,1965,51,2,5,5,13,1,0,50,6112,1,8,2016,-1.37364240407102
"1134",1134,"CH",8,2620,0.959825993,0.464939934,3,10,2,1955,61,2,5,6,16,1,0,15,3221,2,7,2016,-1.36657384870811
"1018",1018,"CH",8,2406,1.140466452,0.464939934,2,10,2,1969,47,1,5,5,9,1,0,20,2341,2,7,2016,-1.36354323707309
"175",175,"CH",8,510,0.924070776,0.464939934,2,9,2,1955,61,2,4,5,10,1,0,27,3221,2,3,2016,-1.35683236218153
"249",249,"CH",8,709,1.003414631,0.464939934,2,8,2,1970,46,2,3,4,15,1,0,35,2341,1,8,2016,-1.35515016075331
"231",231,"CH",8,658,0.890090764,0.464939934,2,7,1,1935,81,2,3,3,8,0,0,48,6130,2,2,2016,-1.35457980328097
"858",858,"CH",8,2035,0.75395447,0.464939934,1,6,1,1953,63,2,3,3,8,0,0,58,1221,2,4,2016,-1.35354745691876
"1517",1517,"CH",8,3441,0.866011918,0.464939934,2,9,1,1993,23,2,3,3,10,1,0,31,7412,2,4,2016,-1.34474338658167
"1088",1088,"CH",8,2535,1.147626638,0.464939934,3,9,2,1998,18,2,3,3,9,1,0,0,5120,2,1,2016,-1.33397658814577
"946",946,"CH",8,2237,0.890090764,0.464939934,1,10,1,1961,55,1,5,7,17,1,0,55,1120,2,9,2016,-1.33355098216559
"1270",1270,"CH",8,2897,0.973367512,0.464939934,2,10,2,1966,50,1,3,4,13,1,0,10,5223,2,8,2016,-1.32962932501924
"646",646,"CH",8,1564,0.959825993,0.464939934,4,7,2,1958,58,2,3,3,12,1,0,9,3256,2,77,2016,-1.32884372087703
"497",497,"CH",8,1236,0.78312695,0.464939934,1,10,1,1946,70,2,5,5,15,0,0,30,2161,2,77,2016,-1.32689385164843
"1109",1109,"CH",8,2576,1.134647846,0.464939934,2,7,1,1996,20,2,3,4,14,0,0,45,3334,2,6,2016,-1.30301235896775
"1055",1055,"CH",8,2468,1.140466452,0.464939934,2,7,2,1973,43,1,5,7,18,1,0,20,2330,2,77,2016,-1.28740636496855
"237",237,"CH",8,672,0.979478419,0.464939934,2,8,2,1984,32,2,5,7,12,1,0,45,2635,2,7,2016,-1.28682856432224
"418",418,"CH",8,1081,1.090924263,0.464939934,4,9,2,1937,79,2,3,3,8,0,0,1,7531,2,88,2016,-1.28668330364385
"1280",1280,"CH",8,2917,0.973367512,0.464939934,2,7,2,1970,46,1,4,5,9,1,0,16,3313,2,10,2016,-1.28281324150426
"598",598,"CH",8,1469,1.102796197,0.464939934,2,9,2,1945,71,2,5,7,17,0,0,41,2341,2,6,2016,-1.27999550322184
"1155",1155,"CH",8,2674,0.872584283,0.464939934,3,7,1,1989,27,2,4,5,9,1,0,43,2166,2,3,2016,-1.27654381071071
"722",722,"CH",8,1738,1.003414631,0.464939934,2,8,2,1962,54,1,5,7,9,1,0,5,2330,1,4,2016,-1.26233621173228
"58",58,"CH",8,154,1.090924263,0.464939934,2,6,2,1945,71,2,2,2,10,0,0,22,4120,1,6,2016,-1.26031644741115
"1069",1069,"CH",8,2493,1.186012149,0.464939934,3,8,1,1968,48,1,5,6,15,1,0,50,2264,2,6,2016,-1.24930241515282
"755",755,"CH",8,1811,1.134647846,0.464939934,3,7,1,1984,32,2,3,3,9,1,0,45,7120,2,7,2016,-1.24880581608603
"1235",1235,"CH",8,2836,1.17324388,0.464939934,2,7,1,1969,47,1,5,7,18,1,0,32,3352,2,7,2016,-1.24561409025044
"590",590,"CH",8,1457,0.899777412,0.464939934,2,8,1,1932,84,2,2,2,12,0,0,40,2320,2,4,2016,-1.24016923284905
"629",629,"CH",8,1533,0.75395447,0.464939934,2,9,1,1944,72,2,2,2,9,0,0,45,3120,2,88,2016,-1.23880620008374
"967",967,"CH",8,2286,1.152878165,0.464939934,4,8,2,1972,44,1,3,3,10,0,0,666,66666,2,4,2016,-1.23717868852962
"1346",1346,"CH",8,3039,0.75395447,0.464939934,1,9,1,1959,57,1,5,5,9,1,0,42,9000,2,2,2016,-1.23481954161254
"177",177,"CH",8,518,0.75395447,0.464939934,2,9,1,1946,70,2,3,3,8,0,0,55,8331,1,7,2016,-1.2311937516907
"650",650,"CH",8,1569,0.890090764,0.464939934,1,9,1,1936,80,2,5,5,10,0,0,666,66666,2,3,2016,-1.23058144889338
"1274",1274,"CH",8,2904,1.17324388,0.464939934,4,7,1,1969,47,1,3,3,10,1,0,43,7411,2,7,2016,-1.22831690342037
"624",624,"CH",8,1520,1.140466452,0.464939934,3,8,2,1962,54,2,3,3,9,1,0,32,5223,2,6,2016,-1.22705908070656
"889",889,"CH",8,2099,0.872584283,0.464939934,2,5,1,1999,17,2,2,2,9,0,1,42,7412,2,5,2016,-1.22565929114954
"1124",1124,"CH",8,2604,1.032253623,0.464939934,2,8,1,1968,48,1,3,3,9,1,0,2,2514,2,5,2016,-1.22212636004238
"1153",1153,"CH",8,2667,0.899777412,0.464939934,2,10,1,1958,58,1,3,3,7,1,0,2,3324,2,7,2016,-1.2195243334047
"316",316,"CH",8,863,1.032253623,0.464939934,3,8,1,1972,44,2,5,6,13,1,0,55,2264,2,10,2016,-1.21813415674878
"708",708,"CH",8,1710,0.759676516,0.464939934,1,8,1,1955,62,2,5,5,8,1,0,43,3122,2,7,2017,-1.21782316097141
"1156",1156,"CH",8,2677,1.022381425,0.464939934,1,9,1,1990,26,2,5,6,17,0,1,42,2000,1,7,2016,-1.21085383484284
"339",339,"CH",8,921,1.147626638,0.464939934,2,7,2,1984,33,2,3,3,9,0,0,36,4120,1,3,2017,-1.20745773148906
"1350",1350,"CH",8,3050,1.003414631,0.464939934,1,9,2,1981,35,1,5,7,16,1,0,35,2320,2,5,2016,-1.20540676613463
"662",662,"CH",8,1603,1.140466452,0.464939934,1,9,2,1967,49,2,5,7,18,1,0,20,1213,2,10,2016,-1.20477750506875
"1040",1040,"CH",8,2440,0.966035604,0.464939934,3,5,2,1979,37,1,5,6,11,0,1,8,1341,2,7,2016,-1.20298564975372
"120",120,"CH",8,360,1.102796197,0.464939934,4,9,2,1938,78,2,2,2,8,0,0,666,66666,2,1,2016,-1.20019348248061
"574",574,"CH",8,1424,1.140466452,0.464939934,2,8,2,1976,40,2,5,6,15,1,0,42,2341,2,9,2016,-1.19407974290786
"1499",1499,"CH",8,3401,0.972100914,0.464939934,3,7,2,1993,23,1,3,3,9,1,0,26,5320,2,4,2016,-1.19350376339117
"729",729,"CH",8,1754,1.152878165,0.464939934,4,8,2,1977,39,1,1,1,6,1,0,39,7543,2,5,2016,-1.19308029645644
"1198",1198,"CH",8,2757,0.993800044,0.464939934,1,7,1,1981,35,1,4,5,9,1,0,48,7233,2,3,2016,-1.19083610092152
"732",732,"CH",8,1759,0.75395447,0.464939934,3,8,1,1960,56,1,5,5,9,1,0,45,3322,1,4,2016,-1.1885608455786
"914",914,"CH",8,2161,0.972100914,0.464939934,3,8,2,1996,20,2,3,3,10,0,1,43,5320,2,7,2016,-1.18835609738904
"711",711,"CH",8,1715,1.009714603,0.464939934,2,9,2,1985,31,1,3,4,9,1,0,2,3119,2,6,2016,-1.18360161837874
"1505",1505,"CH",8,3410,1.022381425,0.464939934,2,8,1,1991,25,2,5,5,11,1,0,55,310,2,4,2016,-1.18355187876497
"1064",1064,"CH",8,2482,0.75395447,0.464939934,2,9,1,1954,62,2,5,7,9,1,0,6,2144,2,8,2016,-1.18026905405227
"118",118,"CH",8,355,0.899520457,0.464939934,3,8,1,1984,32,2,5,7,13,1,0,36,2433,1,6,2016,-1.17255936462329
"819",819,"CH",8,1955,1.140466452,0.464939934,2,10,2,1964,52,1,3,3,9,1,0,20,9110,2,77,2016,-1.17031805225552
"1056",1056,"CH",8,2470,1.147626638,0.464939934,4,7,2,1988,29,2,2,2,10,0,0,777,77777,1,77,2017,-1.16912433240156
"1458",1458,"CH",8,3288,0.872584283,0.464939934,2,8,1,1982,34,2,5,7,17,1,0,42,2310,2,9,2016,-1.16798083734724
"1215",1215,"CH",8,2795,1.302075982,0.464939934,1,8,1,1966,50,1,5,7,21,1,1,10,2611,2,10,2016,-1.16620832464176
"204",204,"CH",8,603,0.972100914,0.464939934,1,10,2,1991,25,2,5,6,18,1,0,41,3343,2,1,2016,-1.16515080385866
"343",343,"CH",8,931,0.890090764,0.464939934,1,8,1,1940,76,2,3,4,16,0,0,42,4110,1,6,2016,-1.16322516516034
"359",359,"CH",8,962,0.924070776,0.464939934,1,9,2,1959,57,2,2,2,8,1,0,27,5100,2,3,2016,-1.16177237927359
"86",86,"CH",8,248,1.152878165,0.464939934,4,7,2,1972,45,2,5,5,18,1,0,46,3313,1,7,2017,-1.16102459644526
"1129",1129,"CH",8,2610,1.17324388,0.464939934,1,9,1,1970,46,1,5,7,17,1,0,33,2330,2,8,2016,-1.15981127554735
"706",706,"CH",8,1708,1.140466452,0.464939934,1,8,2,1966,50,1,5,7,19,1,0,45,1112,2,10,2016,-1.15013412023868
"67",67,"CH",8,183,1.152878165,0.464939934,3,9,2,1970,46,1,3,3,9,1,0,35,4412,2,3,2016,-1.14935200649595
"1438",1438,"CH",8,3235,0.959825993,0.464939934,4,7,2,1957,59,2,3,4,12,0,0,50,4419,2,2,2016,-1.14878149387355
"579",579,"CH",8,1440,0.899520457,0.464939934,3,10,1,1985,31,1,3,3,9,1,0,43,3123,2,6,2016,-1.14477560481022
"1394",1394,"CH",8,3122,1.160116434,0.464939934,2,10,2,1999,17,2,3,4,11,0,0,40,5131,2,8,2016,-1.14363611449406
"137",137,"CH",8,407,1.102796197,0.464939934,3,9,2,1925,91,2,2,2,9,0,0,45,9320,2,1,2016,-1.13774441897695
"1441",1441,"CH",8,3243,1.032253623,0.464939934,1,8,1,1966,50,1,5,5,13,1,0,60,3118,2,8,2016,-1.13601347717859
"414",414,"CH",8,1077,0.866011918,0.464939934,2,8,1,1988,28,2,3,3,9,1,0,50,7120,2,3,2016,-1.13506444894946
"49",49,"CH",8,134,1.090924263,0.464939934,1,9,2,1936,80,2,3,4,14,0,0,42,2342,2,4,2016,-1.13483384839454
"658",658,"CH",8,1592,0.866011918,0.464939934,4,10,1,1987,29,2,2,2,10,1,0,40,5120,1,1,2016,-1.1306918943317
"990",990,"CH",8,2342,0.872584283,0.464939934,2,8,1,1992,24,2,5,6,17,0,1,20,2120,2,10,2016,-1.1306523018269
"194",194,"CH",8,570,0.899520457,0.464939934,3,10,1,1984,32,1,5,6,16,1,0,45,1212,2,7,2016,-1.12200547024061
"342",342,"CH",8,928,1.090924263,0.464939934,2,9,2,1949,67,2,3,3,9,0,0,44,5141,2,5,2016,-1.1200620994987
